Diabetes Status,Heavy Alcohol Consumers (%)
0.0,6.184283795735203
1.0,4.491470524724681
2.0,2.353873139817801
